Timestamp,Address,Status,Cost
2025-11-28 01:19:35,5 Bairro da Cerca Nova,ERROR: REQUEST_DENIED (This API project is not authorized to use this API.),0
2025-11-28 01:19:46,Neta,ERROR: REQUEST_DENIED (This API project is not authorized to use this API.),0
2025-11-28 01:19:49,5 de Outubro,ERROR: REQUEST_DENIED (This API project is not authorized to use this API.),0
2025-11-28 01:19:57,Pocinhos,ERROR: REQUEST_DENIED (This API project is not authorized to use this API.),0
2025-11-28 01:20:10,Areias,ERROR: REQUEST_DENIED (This API project is not authorized to use this API.),0
2025-11-28 01:20:17,3,ERROR: REQUEST_DENIED (This API project is not authorized to use this API.),0
2025-11-28 01:21:00,Giesteiras Fundeiras,ERROR: REQUEST_DENIED (This API project is not authorized to use this API.),0
2025-11-28 01:21:04,Boiça,ERROR: REQUEST_DENIED (This API project is not authorized to use this API.),0
2025-11-28 01:21:08,Alto da Ramalhada,ERROR: REQUEST_DENIED (This API project is not authorized to use this API.),0
2025-11-28 01:21:27,Primavera,ERROR: REQUEST_DENIED (This API project is not authorized to use this API.),0
2025-11-28 01:21:36,Feteira,ERROR: REQUEST_DENIED (This API project is not authorized to use this API.),0
2025-11-28 01:21:40,Barbeirinha,ERROR: REQUEST_DENIED (This API project is not authorized to use this API.),0
2025-11-28 01:21:48,Cabanelas,ERROR: REQUEST_DENIED (This API project is not authorized to use this API.),0
2025-11-28 01:22:01,Ribeira,ERROR: REQUEST_DENIED (This API project is not authorized to use this API.),0
2025-11-28 01:45:16,Avelino Teixeira da Mota Bairro da Flamenga,ERROR: REQUEST_DENIED (This API project is not authorized to use this API.),0
2025-11-28 01:45:26,Penha de França,ERROR: REQUEST_DENIED (This API project is not authorized to use this API.),0
2025-11-28 01:45:40,Aniceto do Rosário,ERROR: REQUEST_DENIED (This API project is not authorized to use this API.),0
2025-11-28 01:45:54,Engenheiro António Maria de Avelar,ERROR: REQUEST_DENIED (This API project is not authorized to use this API.),0
2025-11-28 01:45:57,Paulo Martins,ERROR: REQUEST_DENIED (This API project is not authorized to use this API.),0
2025-11-28 01:46:43,André Vidal Negreiros Bairro das Amendoeiras,ERROR: REQUEST_DENIED (This API project is not authorized to use this API.),0
2025-11-28 01:46:57,Louro Quinta Louro,ERROR: REQUEST_DENIED (This API project is not authorized to use this API.),0
2025-11-28 01:47:13,Santa Clara,ERROR: REQUEST_DENIED (This API project is not authorized to use this API.),0
2025-11-28 01:47:16,Pretas,ERROR: REQUEST_DENIED (This API project is not authorized to use this API.),0
2025-11-28 01:47:20,Quinta do Jacinto,ERROR: REQUEST_DENIED (This API project is not authorized to use this API.),0
2025-11-28 02:03:33,República,ERROR: REQUEST_DENIED (This API project is not authorized to use this API.),0
2025-11-28 02:03:38,Doutor José Alberto de Faria,ERROR: REQUEST_DENIED (This API project is not authorized to use this API.),0
2025-11-28 02:03:49,São Paulo,ERROR: REQUEST_DENIED (This API project is not authorized to use this API.),0
2025-11-28 02:03:53,Conde,ERROR: REQUEST_DENIED (This API project is not authorized to use this API.),0
2025-11-28 02:03:58,Professor César Oliveira Rua Professor Damião Peres,ERROR: REQUEST_DENIED (This API project is not authorized to use this API.),0
2025-11-28 02:04:25,Professor Sousa da Câmara,ERROR: REQUEST_DENIED (This API project is not authorized to use this API.),0
2025-11-28 02:04:42,Belém,ERROR: REQUEST_DENIED (This API project is not authorized to use this API.),0
2025-11-28 02:04:49,Casal Ribeiro,ERROR: REQUEST_DENIED (This API project is not authorized to use this API.),0
2025-11-28 02:05:02,Alferes Mota da Costa,ERROR: REQUEST_DENIED (This API project is not authorized to use this API.),0
2025-11-28 02:05:33,Carriche,ERROR: REQUEST_DENIED (This API project is not authorized to use this API.),0
2025-11-28 02:05:36,Garcia,ERROR: REQUEST_DENIED (This API project is not authorized to use this API.),0
2025-11-28 02:05:56,Fonte do Louro,ERROR: REQUEST_DENIED (This API project is not authorized to use this API.),0
2025-11-28 02:06:05,Carlos Alberto da Mota Pinto,ERROR: REQUEST_DENIED (This API project is not authorized to use this API.),0
2025-11-28 02:17:44,República,ERROR: REQUEST_DENIED (This API project is not authorized to use this API.),0
2025-11-28 02:17:48,Doutor José Alberto de Faria,ERROR: REQUEST_DENIED (This API project is not authorized to use this API.),0
2025-11-28 02:17:59,São Paulo,ERROR: REQUEST_DENIED (This API project is not authorized to use this API.),0
2025-11-28 02:18:02,Conde,ERROR: REQUEST_DENIED (This API project is not authorized to use this API.),0
2025-11-28 02:18:06,Professor César Oliveira Rua Professor Damião Peres,ERROR: REQUEST_DENIED (This API project is not authorized to use this API.),0
2025-11-28 02:18:31,Professor Sousa da Câmara,ERROR: REQUEST_DENIED (This API project is not authorized to use this API.),0
2025-11-28 02:18:46,Belém,ERROR: REQUEST_DENIED (This API project is not authorized to use this API.),0
2025-11-28 02:18:53,Casal Ribeiro,ERROR: REQUEST_DENIED (This API project is not authorized to use this API.),0
2025-11-28 02:19:07,Alferes Mota da Costa,ERROR: REQUEST_DENIED (This API project is not authorized to use this API.),0
2025-11-28 02:19:36,Carriche,ERROR: REQUEST_DENIED (This API project is not authorized to use this API.),0
2025-11-28 02:19:40,Garcia,ERROR: REQUEST_DENIED (This API project is not authorized to use this API.),0
2025-11-28 02:19:57,Fonte do Louro,ERROR: REQUEST_DENIED (This API project is not authorized to use this API.),0
2025-11-28 02:20:03,Carlos Alberto da Mota Pinto,ERROR: REQUEST_DENIED (This API project is not authorized to use this API.),0
2025-11-28 03:11:26,República,ZERO_RESULTS,1
2025-11-28 03:11:31,Doutor José Alberto de Faria,ZERO_RESULTS,1
2025-11-28 03:11:43,São Paulo,ZERO_RESULTS,1
2025-11-28 03:11:46,Conde,ERROR: REQUEST_DENIED (This API project is not authorized to use this API.),0
2025-11-28 03:11:50,Professor César Oliveira Rua Professor Damião Peres,ZERO_RESULTS,1
2025-11-28 03:12:17,Professor Sousa da Câmara,ZERO_RESULTS,1
2025-11-28 03:12:30,Belém,ZERO_RESULTS,1
2025-11-28 03:12:37,Casal Ribeiro,ZERO_RESULTS,1
2025-11-28 03:12:50,Alferes Mota da Costa,ZERO_RESULTS,1
2025-11-28 03:13:20,Carriche,ZERO_RESULTS,1
2025-11-28 03:13:23,Garcia,ZERO_RESULTS,1
2025-11-28 03:13:41,Fonte do Louro,ZERO_RESULTS,1
2025-11-28 03:13:48,Carlos Alberto da Mota Pinto,ZERO_RESULTS,1
2025-11-28 03:26:58,República,ZERO_RESULTS,1
2025-11-28 03:27:03,Doutor José Alberto de Faria,ZERO_RESULTS,1
2025-11-28 03:27:15,São Paulo,ZERO_RESULTS,1
2025-11-28 03:27:18,Conde,SUCCESS,1
2025-11-28 03:27:22,Professor César Oliveira Rua Professor Damião Peres,ZERO_RESULTS,1
2025-11-28 03:27:47,Professor Sousa da Câmara,ZERO_RESULTS,1
2025-11-28 03:28:01,Belém,ZERO_RESULTS,1
2025-11-28 03:28:08,Casal Ribeiro,ZERO_RESULTS,1
2025-11-28 03:28:21,Alferes Mota da Costa,ZERO_RESULTS,1
2025-11-28 03:28:50,Carriche,ZERO_RESULTS,1
2025-11-28 03:28:54,Garcia,ZERO_RESULTS,1
2025-11-28 03:29:14,Fonte do Louro,ZERO_RESULTS,1
2025-11-28 03:29:21,Carlos Alberto da Mota Pinto,ZERO_RESULTS,1
2025-11-28 03:35:33,Manuel Teixeira Gomes Bairro das Amendoeiras,ZERO_RESULTS,1
2025-11-28 03:35:34,Fernão Penteado,ZERO_RESULTS,1
2025-11-28 03:35:35,Almirante Sarmento Rodrigues,ZERO_RESULTS,1
2025-11-28 03:35:37,República,ZERO_RESULTS,1
2025-11-28 03:35:38,Doutor José Alberto de Faria,ZERO_RESULTS,1
2025-11-28 03:35:39,Almirante Reis,ZERO_RESULTS,1
2025-11-28 03:35:41,Fernando Pessoa,ZERO_RESULTS,1
2025-11-28 03:35:42,Barbadinhos,ZERO_RESULTS,1
2025-11-28 03:35:43,São Paulo,ZERO_RESULTS,1
2025-11-28 03:35:45,Conde,ZERO_RESULTS,1
2025-11-28 03:35:46,Professor César Oliveira Rua Professor Damião Peres,ZERO_RESULTS,1
2025-11-28 03:35:47,Fernanda Alves Zona 3,ZERO_RESULTS,1
2025-11-28 03:35:49,Andrade Corvo,ZERO_RESULTS,1
2025-11-28 03:35:50,São Marçal,ZERO_RESULTS,1
2025-11-28 03:35:52,Fernanda Alves Zona 3,ZERO_RESULTS,1
2025-11-28 03:35:53,Almirante Sarmento Rodrigues,ZERO_RESULTS,1
2025-11-28 03:35:54,Jacinto Nunes,ZERO_RESULTS,1
2025-11-28 03:35:56,Francisco Rodrigues Lobo,ZERO_RESULTS,1
2025-11-28 03:35:57,Professor Sousa da Câmara,ZERO_RESULTS,1
2025-11-28 03:35:58,Dona Estefânia,ZERO_RESULTS,1
2025-11-28 03:36:00,Olival,ZERO_RESULTS,1
2025-11-28 03:36:01,Professor Pais da Silva,ZERO_RESULTS,1
2025-11-28 03:36:02,João Paulo II Bairro do Condado,ZERO_RESULTS,1
2025-11-28 03:36:04,Belém,ZERO_RESULTS,1
2025-11-28 03:36:08,Frederico Perry Vidal,ZERO_RESULTS,1
2025-11-28 03:36:09,Casal Ribeiro,ZERO_RESULTS,1
2025-11-28 03:36:10,António Vilar Quinta do Grafanil,ZERO_RESULTS,1
2025-11-28 03:36:11,Infante Dom Pedro,ZERO_RESULTS,1
2025-11-28 03:36:13,Vale Formoso de Cima,ZERO_RESULTS,1
2025-11-28 03:36:14,Alferes Mota da Costa,ZERO_RESULTS,1
2025-11-28 03:36:16,Luís Cristino da Silva Bairro dos Loios,ZERO_RESULTS,1
2025-11-28 03:36:17,Dom João II,ZERO_RESULTS,1
2025-11-28 03:36:18,Estação de Braço de Prata,ZERO_RESULTS,1
2025-11-28 03:36:20,Bairro Nova Brasília,ZERO_RESULTS,1
2025-11-28 03:36:21,Professor Pais da Silva,ZERO_RESULTS,1
2025-11-28 03:36:22,António Ferreira,ZERO_RESULTS,1
2025-11-28 03:36:24,Cabo Manuel Leitão,ZERO_RESULTS,1
2025-11-28 03:36:25,Luís de Camões,ZERO_RESULTS,1
2025-11-28 03:36:26,Prior Coutinho,ZERO_RESULTS,1
2025-11-28 03:36:28,Carriche,ZERO_RESULTS,1
2025-11-28 03:36:29,Garcia,ZERO_RESULTS,1
2025-11-28 03:36:30,Sebastião Saraiva Lima,ZERO_RESULTS,1
2025-11-28 03:36:32,Cruzes da Sé,ZERO_RESULTS,1
2025-11-28 03:36:33,Dom Fuas Roupinho,ZERO_RESULTS,1
2025-11-28 03:36:34,Militar Quinta do Olival,ZERO_RESULTS,1
2025-11-28 03:36:36,Amudsen,ZERO_RESULTS,1
2025-11-28 03:36:37,Fonte do Louro,ZERO_RESULTS,1
2025-11-28 03:36:38,São João Nepomuceno,ZERO_RESULTS,1
2025-11-28 03:36:40,Carlos Alberto da Mota Pinto,ZERO_RESULTS,1
2025-11-28 03:36:41,Oliveira Cadornega Bairro das Amendoeiras,ZERO_RESULTS,1
2025-11-28 03:39:00,Mirante,ZERO_RESULTS,1
2025-11-28 03:39:01,24 de Julho,ZERO_RESULTS,1
2025-11-28 03:39:02,António Augusto de Aguiar,ZERO_RESULTS,1
2025-11-28 03:39:04,Picadeiro,ZERO_RESULTS,1
2025-11-28 03:39:05,Prata,ZERO_RESULTS,1
2025-11-28 03:39:06,Capitão-Mor Lopes Sequeira Bairro das Amendoeiras,ZERO_RESULTS,1
2025-11-28 03:39:08,Marquês Soveral,ZERO_RESULTS,1
2025-11-28 03:39:09,Avelino Teixeira da Mota Bairro da Flamenga,ZERO_RESULTS,1
2025-11-28 03:39:11,Braamcamp,ZERO_RESULTS,1
2025-11-28 03:39:12,Ginestal Machado,ZERO_RESULTS,1
2025-11-28 03:39:13,Rio Zêzere,ZERO_RESULTS,1
2025-11-28 03:39:15,Penha de França,ZERO_RESULTS,1
2025-11-28 03:39:16,Pedreiras,ZERO_RESULTS,1
2025-11-28 03:39:17,Manuela Porto,ZERO_RESULTS,1
2025-11-28 03:39:19,Almirante Gago Coutinho,ZERO_RESULTS,1
2025-11-28 03:39:20,Aniceto do Rosário,ZERO_RESULTS,1
2025-11-28 03:39:21,Boa-Hora,ZERO_RESULTS,1
2025-11-28 03:39:23,Escola Politécnica,ZERO_RESULTS,1
2025-11-28 03:39:24,Amoreira,ZERO_RESULTS,1
2025-11-28 03:39:26,Engenheiro António Maria de Avelar,ZERO_RESULTS,1
2025-11-28 03:39:27,Paulo Martins,ZERO_RESULTS,1
2025-11-28 03:39:28,Paulo Dias de Novais Bairro das Amendoeiras,ZERO_RESULTS,1
2025-11-28 03:39:30,Almirante Barroso,ZERO_RESULTS,1
2025-11-28 03:39:31,Garrett,ZERO_RESULTS,1
2025-11-28 03:39:32,Mouzinho de Albuquerque,ZERO_RESULTS,1
2025-11-28 03:39:34,Guarda-Jóias,ZERO_RESULTS,1
2025-11-28 03:39:35,Fanqueiros,ZERO_RESULTS,1
2025-11-28 03:39:36,Rua José Mergulhão,ZERO_RESULTS,1
2025-11-28 03:39:38,Fala-Só,ZERO_RESULTS,1
2025-11-28 03:39:39,Maestro Raul Ferrão,ZERO_RESULTS,1
2025-11-28 03:39:41,Correeiros,ZERO_RESULTS,1
2025-11-28 03:39:42,Paulo Dias de Novais Bairro das Amendoeiras,ZERO_RESULTS,1
2025-11-28 03:39:43,Castelo Branco Chaves,ZERO_RESULTS,1
2025-11-28 03:39:45,André Vidal Negreiros Bairro das Amendoeiras,ZERO_RESULTS,1
2025-11-28 03:39:46,Rua Sousa Martins,ZERO_RESULTS,1
2025-11-28 03:39:47,Eugénio de Castro,ZERO_RESULTS,1
2025-11-28 03:39:49,Afonso de Paiva,ZERO_RESULTS,1
2025-11-28 03:39:50,Louro Quinta Louro,ZERO_RESULTS,1
2025-11-28 03:39:52,Feliciano de Sousa,ZERO_RESULTS,1
2025-11-28 03:39:53,Fiéis de Deus,ZERO_RESULTS,1
2025-11-28 03:39:54,Pardal,ZERO_RESULTS,1
2025-11-28 03:39:55,Rui Barbosa,ZERO_RESULTS,1
2025-11-28 03:39:57,Santa Clara,ZERO_RESULTS,1
2025-11-28 03:39:58,Pretas,ZERO_RESULTS,1
2025-11-28 03:40:00,Teatros,ZERO_RESULTS,1
2025-11-28 03:40:01,Quinta do Jacinto,ZERO_RESULTS,1
2025-11-28 03:40:02,Cidade de Lourenço Marques,ZERO_RESULTS,1
2025-11-28 03:40:04,Maria Lalande,ZERO_RESULTS,1
2025-11-28 03:40:05,Almada Negreiros,ZERO_RESULTS,1
2025-11-28 03:40:06,Artur Lamas,ZERO_RESULTS,1
2025-11-28 03:44:54,República,ZERO_RESULTS,1
2025-11-28 03:44:58,Doutor José Alberto de Faria,ZERO_RESULTS,1
2025-11-28 03:45:11,São Paulo,ZERO_RESULTS,1
2025-11-28 03:45:15,Conde,SUCCESS,1
2025-11-28 03:45:19,Professor César Oliveira Rua Professor Damião Peres,ZERO_RESULTS,1
2025-11-28 03:45:43,Professor Sousa da Câmara,ZERO_RESULTS,1
2025-11-28 03:45:58,Belém,ZERO_RESULTS,1
2025-11-28 03:46:05,Casal Ribeiro,ZERO_RESULTS,1
2025-11-28 03:46:18,Alferes Mota da Costa,ZERO_RESULTS,1
2025-11-28 03:46:48,Carriche,ZERO_RESULTS,1
2025-11-28 03:46:51,Garcia,ZERO_RESULTS,1
2025-11-28 03:47:08,Fonte do Louro,ZERO_RESULTS,1
2025-11-28 03:47:15,Carlos Alberto da Mota Pinto,ZERO_RESULTS,1
2025-11-28 03:55:37,Avelino Teixeira da Mota Bairro da Flamenga,ZERO_RESULTS,1
2025-11-28 03:55:49,Penha de França,ZERO_RESULTS,1
2025-11-28 03:56:01,Aniceto do Rosário,ZERO_RESULTS,1
2025-11-28 03:56:11,Engenheiro António Maria de Avelar,ZERO_RESULTS,1
2025-11-28 03:56:15,Paulo Martins,ZERO_RESULTS,1
2025-11-28 03:56:58,André Vidal Negreiros Bairro das Amendoeiras,ZERO_RESULTS,1
2025-11-28 03:57:12,Louro Quinta Louro,ZERO_RESULTS,1
2025-11-28 03:57:27,Santa Clara,ZERO_RESULTS,1
2025-11-28 03:57:30,Pretas,ZERO_RESULTS,1
2025-11-28 03:57:36,Quinta do Jacinto,ZERO_RESULTS,1
2025-11-28 04:05:51,República,ZERO_RESULTS,1
2025-11-28 04:05:57,Doutor José Alberto de Faria,ZERO_RESULTS,1
2025-11-28 04:06:09,São Paulo,ZERO_RESULTS,1
2025-11-28 04:06:12,Conde,SUCCESS,1
2025-11-28 04:06:16,Professor César Oliveira Rua Professor Damião Peres,ZERO_RESULTS,1
2025-11-28 04:06:42,Professor Sousa da Câmara,ZERO_RESULTS,1
2025-11-28 09:38:34,nan,ZERO_RESULTS,1
2025-11-28 09:38:39,Rua Teste,SUCCESS,1
2025-11-28 09:42:52,nan,SUCCESS,1
2025-11-28 09:42:53,nan,SUCCESS,1
2025-11-28 09:48:19,nan,SUCCESS,1
2025-11-28 09:48:19,nan,ZERO_RESULTS,1
2025-11-28 09:48:21,XYZABC123 Rua Inexistente,SUCCESS,1
2025-11-28 09:48:25,nan,ZERO_RESULTS,1
2025-11-28 10:22:00,nan,ZERO_RESULTS,1
2025-11-28 10:22:01,nan,ZERO_RESULTS,1
2025-11-28 10:22:02,XYZABC123 Rua Inexistente,ZERO_RESULTS,1
2025-11-28 10:22:04,nan,ZERO_RESULTS,1
2025-11-28 10:22:06,"Avenida da Liberdade, 50",ZERO_RESULTS,1
2025-11-28 10:25:24,nan,ZERO_RESULTS,1
2025-11-28 10:25:25,nan,ZERO_RESULTS,1
2025-11-28 10:25:26,XYZABC123 Rua Inexistente,ZERO_RESULTS,1
2025-11-28 10:25:28,nan,ZERO_RESULTS,1
2025-11-28 10:25:30,"Avenida da Liberdade, 50",ZERO_RESULTS,1
2025-11-28 10:26:13,nan,ZERO_RESULTS,1
2025-11-28 10:26:14,nan,ZERO_RESULTS,1
2025-11-28 10:26:15,XYZABC123 Rua Inexistente,ZERO_RESULTS,1
2025-11-28 10:26:17,nan,ZERO_RESULTS,1
2025-11-28 10:26:19,"Avenida da Liberdade, 50",ZERO_RESULTS,1
2025-11-28 10:32:28,nan,ZERO_RESULTS,1
2025-11-28 10:32:29,nan,ZERO_RESULTS,1
2025-11-28 10:32:31,XYZABC123 Rua Inexistente,ZERO_RESULTS,1
2025-11-28 10:32:32,nan,ZERO_RESULTS,1
2025-11-28 10:32:35,"Avenida da Liberdade, 50",ZERO_RESULTS,1
2025-11-28 12:32:56,"Rua Exemplo, 123",SUCCESS,1
2025-11-28 12:48:13,5 de Outubro,ZERO_RESULTS,1
2025-11-28 12:48:21,"Rua Luís Cristino da Silva, Bairro dos Lóios, Marvila, Lisboa, 1950-172, Portugal",ZERO_RESULTS,1
2025-11-28 12:48:25,Benfica,ZERO_RESULTS,1
2025-11-28 12:49:06,Belém,ZERO_RESULTS,1
2025-11-28 12:49:17,São Nicolau,ZERO_RESULTS,1
2025-11-28 12:49:42,Dom António Caetano de Sousa,ZERO_RESULTS,1
2025-11-28 12:49:52,Gregório Lopes Torres do Restelo,ZERO_RESULTS,1
2025-11-28 12:50:17,Sul,ZERO_RESULTS,1
2025-11-28 12:50:54,Vale de Santo António,ZERO_RESULTS,1
2025-11-28 12:51:07,Rodrigues,ZERO_RESULTS,1
2025-11-28 12:51:20,Laje,ZERO_RESULTS,1
2025-11-28 12:51:24,Caridade,ZERO_RESULTS,1
2025-11-28 12:52:50,República,ZERO_RESULTS,1
2025-11-28 12:53:26,Carriche,ZERO_RESULTS,1
2025-11-28 12:53:34,Cidade de Porto Amélia,ZERO_RESULTS,1
2025-11-28 12:53:39,João Palma Ferreira Bairro da Flamenga,ZERO_RESULTS,1
2025-11-28 12:53:56,José Luís Garcia Rodrigues Bairro Alto da Ajuda,ZERO_RESULTS,1
2025-11-28 13:02:53,José Viana Zona 1B,ZERO_RESULTS,1
2025-11-28 13:02:58,António Gedeão Bairro das Salgadas,ZERO_RESULTS,1
2025-11-28 13:03:25,António Saúde,ZERO_RESULTS,1
2025-11-28 13:03:46,Dinah Silveira de Queiroz Bairro das Salgadas,ZERO_RESULTS,1
2025-11-28 13:18:53,Cidade,ZERO_RESULTS,1
2025-11-28 13:19:05,Hortas,ZERO_RESULTS,1
2025-11-28 13:19:32,Comandante Fontoura da Costa,ZERO_RESULTS,1
2025-11-28 13:19:36,Rainha Dona Brites Bairro Boavista,ZERO_RESULTS,1
2025-11-28 13:27:55,Cidade,ZERO_RESULTS,1
2025-11-28 13:28:07,Hortas,ZERO_RESULTS,1
2025-11-28 13:28:32,Comandante Fontoura da Costa,ZERO_RESULTS,1
2025-11-28 13:28:36,Rainha Dona Brites Bairro Boavista,ZERO_RESULTS,1
2025-11-30 23:54:01,São Miguel,ZERO_RESULTS,1
2025-11-30 23:54:15,Carriche,ZERO_RESULTS,1
2025-11-30 23:54:29,Paulo Dias de Novais Bairro das Amendoeiras,ZERO_RESULTS,1
2025-11-30 23:56:26,São Miguel,ZERO_RESULTS,1
2025-11-30 23:56:40,Carriche,ZERO_RESULTS,1
2025-11-30 23:56:56,Paulo Dias de Novais Bairro das Amendoeiras,ZERO_RESULTS,1
2025-11-30 23:58:57,Carriche,ZERO_RESULTS,1
2025-12-21 12:52:01,Casal Vistoso,ZERO_RESULTS,1
2025-12-21 12:52:19,Escola de Medicina Veterinária,ZERO_RESULTS,1
2025-12-21 12:52:22,Mar,ZERO_RESULTS,1
2025-12-21 12:52:33,Buraca,SUCCESS,1
2025-12-21 12:52:40,Uruguai,ZERO_RESULTS,1
2025-12-21 12:52:50,Galvão,ZERO_RESULTS,1
2025-12-21 12:52:55,Galinheiras,ZERO_RESULTS,1
2025-12-21 12:52:58,Alcântara,ZERO_RESULTS,1
2025-12-21 12:53:08,Tomás Del Negro Alta de Lisboa,ZERO_RESULTS,1
2025-12-21 12:53:11,Atafonas,ZERO_RESULTS,1
2025-12-21 12:53:41,Quintinha,ZERO_RESULTS,1
2025-12-21 12:54:02,Junqueira,ZERO_RESULTS,1
2025-12-21 12:54:19,Santo António dos Capuchos,ZERO_RESULTS,1
2025-12-21 12:54:37,República,ZERO_RESULTS,1
2025-12-21 13:02:10,Cidade de Manchester,ERROR: HTTPSConnectionPool(host='maps.googleapis.com', port=443): Max retries exceeded with url: /maps/api/geocode/json?address=Cidade+de+Manchester&components=administrative_area%3ALisboa+++++++++++++++++++++++++++++++++++++++++++++++++++++++++++++++++++++++++++++++++++++++++++++++++++++++++++++++++++++++++++++++++++++++++++++++++++++++++++++++++++++++++++++++++++++++++++++++++++++++++++++++++++++++++++++++++++++++++++++++++++++++++%7Ccountry%3APT%7Cpostal_code%3A1170-721&key=AIzaSyAFV7m8Qv3rqlUA90rnYGMqVB25wrwQUOU (Caused by NameResolutionError("HTTPSConnection(host='maps.googleapis.com', port=443): Failed to resolve 'maps.googleapis.com' ([Errno 11001] getaddrinfo failed)")),0
2025-12-21 13:02:34,Casal Vistoso,ZERO_RESULTS,1
2025-12-21 13:03:10,Fernando Palha,ZERO_RESULTS,1
2025-12-21 13:03:18,Escola de Medicina Veterinária,ZERO_RESULTS,1
2025-12-21 13:03:23,Mar,ZERO_RESULTS,1
2025-12-21 13:03:33,Buraca,SUCCESS,1
2025-12-21 13:03:38,Uruguai,ZERO_RESULTS,1
2025-12-21 13:03:49,Galvão,ZERO_RESULTS,1
2025-12-21 13:03:53,Galinheiras,ZERO_RESULTS,1
2025-12-21 13:03:57,Alcântara,ZERO_RESULTS,1
2025-12-21 13:04:04,Tomás Del Negro Alta de Lisboa,ZERO_RESULTS,1
2025-12-21 13:04:08,Atafonas,ZERO_RESULTS,1
2025-12-21 13:04:38,Quintinha,ZERO_RESULTS,1
2025-12-21 13:05:04,Junqueira,ZERO_RESULTS,1
2025-12-21 13:05:19,Santo António dos Capuchos,ZERO_RESULTS,1
2025-12-21 13:05:36,República,ZERO_RESULTS,1
2025-12-21 13:05:42,Cidade de Manchester,ZERO_RESULTS,1
2025-12-21 13:05:50,Particular Rua Manuel Soares Guedes,ZERO_RESULTS,1
2025-12-21 13:07:51,Casal Vistoso,ZERO_RESULTS,1
2025-12-21 13:08:06,Escola de Medicina Veterinária,ZERO_RESULTS,1
2025-12-21 13:08:09,Mar,ZERO_RESULTS,1
2025-12-21 13:08:20,Buraca,SUCCESS,1
2025-12-21 13:08:26,Uruguai,ZERO_RESULTS,1
2025-12-21 13:08:35,Galvão,ZERO_RESULTS,1
2025-12-21 13:08:39,Galinheiras,ZERO_RESULTS,1
2025-12-21 13:08:44,Alcântara,ZERO_RESULTS,1
2025-12-21 13:08:52,Tomás Del Negro Alta de Lisboa,ZERO_RESULTS,1
2025-12-21 13:08:56,Atafonas,ZERO_RESULTS,1
2025-12-21 13:09:26,Quintinha,ZERO_RESULTS,1
2025-12-21 13:09:51,Junqueira,ZERO_RESULTS,1
2025-12-21 13:10:07,Santo António dos Capuchos,ZERO_RESULTS,1
2025-12-21 13:10:23,República,ZERO_RESULTS,1
2025-12-21 13:10:30,Cidade de Manchester,ZERO_RESULTS,1
2025-12-21 13:10:36,Particular Rua Manuel Soares Guedes,ZERO_RESULTS,1
2025-12-21 13:15:20,Casal Vistoso,ZERO_RESULTS,1
2025-12-21 13:15:33,Escola de Medicina Veterinária,ZERO_RESULTS,1
2025-12-21 13:15:37,Mar,ZERO_RESULTS,1
2025-12-21 13:15:48,Buraca,SUCCESS,1
2025-12-21 13:15:55,Uruguai,ZERO_RESULTS,1
2025-12-21 13:16:04,Galvão,ZERO_RESULTS,1
2025-12-21 13:16:08,Galinheiras,ZERO_RESULTS,1
2025-12-21 13:16:12,Alcântara,ZERO_RESULTS,1
2025-12-21 13:16:20,Tomás Del Negro Alta de Lisboa,ZERO_RESULTS,1
2025-12-21 13:16:23,Atafonas,ZERO_RESULTS,1
2025-12-21 13:16:55,Quintinha,ZERO_RESULTS,1
2025-12-21 13:17:18,Junqueira,ZERO_RESULTS,1
2025-12-21 13:17:37,Santo António dos Capuchos,ZERO_RESULTS,1
2025-12-21 13:17:54,República,ZERO_RESULTS,1
2025-12-21 13:18:00,Cidade de Manchester,ZERO_RESULTS,1
2025-12-21 13:18:07,Particular Rua Manuel Soares Guedes,ZERO_RESULTS,1
2025-12-21 13:19:39,Casal Vistoso,ZERO_RESULTS,1
2025-12-21 13:19:53,Escola de Medicina Veterinária,ZERO_RESULTS,1
2025-12-21 13:19:57,Mar,ZERO_RESULTS,1
2025-12-21 13:20:07,Buraca,SUCCESS,1
2025-12-21 13:20:13,Uruguai,ZERO_RESULTS,1
2025-12-21 13:20:22,Galvão,ZERO_RESULTS,1
2025-12-21 13:20:26,Galinheiras,ZERO_RESULTS,1
2025-12-21 13:20:30,Alcântara,ZERO_RESULTS,1
2025-12-21 13:20:38,Tomás Del Negro Alta de Lisboa,ZERO_RESULTS,1
2025-12-21 13:20:41,Atafonas,ZERO_RESULTS,1
2025-12-21 13:21:09,Quintinha,ZERO_RESULTS,1
2025-12-21 13:21:34,Junqueira,ZERO_RESULTS,1
2025-12-21 13:21:51,Santo António dos Capuchos,ZERO_RESULTS,1
2025-12-21 13:22:10,República,ZERO_RESULTS,1
2025-12-21 13:22:15,Cidade de Manchester,ZERO_RESULTS,1
2025-12-21 13:22:22,Particular Rua Manuel Soares Guedes,ZERO_RESULTS,1
2025-12-21 13:27:26,Alfinetes,ZERO_RESULTS,1
2025-12-21 13:27:38,Tapada,ZERO_RESULTS,1
2025-12-21 14:58:00,Alfinetes,ZERO_RESULTS,1
2025-12-21 14:58:10,Tapada,ZERO_RESULTS,1
2025-12-21 15:09:49,Lisboa,SUCCESS,1
2025-12-21 16:48:34,Paulo Dias de Novais Bairro das Amendoeiras,ZERO_RESULTS,1
2025-12-21 16:48:51,Manuel Caetano de Sousa,ZERO_RESULTS,1
2025-12-21 16:49:04,Benfica,SUCCESS,1
2025-12-21 16:49:08,Fonte do Louro,ZERO_RESULTS,1
2025-12-21 16:49:23,Campolide,ZERO_RESULTS,1
2025-12-21 16:49:36,Travessa Fábrica dos Pentes,ZERO_RESULTS,1
2025-12-21 16:50:04,Artur Bual Bairro Marquês de Abrantes,ZERO_RESULTS,1
2025-12-21 16:50:13,Soeiros,ZERO_RESULTS,1
2025-12-21 16:50:39,Avelino Teixeira da Mota Bairro da Flamenga,ZERO_RESULTS,1
2025-12-21 16:51:18,Paulo Dias de Novais Bairro das Amendoeiras,ZERO_RESULTS,1
2025-12-21 17:16:12,Paulo Dias de Novais Bairro das Amendoeiras,ZERO_RESULTS,1
2025-12-21 17:16:27,Manuel Caetano de Sousa,ZERO_RESULTS,1
2025-12-21 17:16:38,Benfica,SUCCESS,1
2025-12-21 17:16:41,Fonte do Louro,ZERO_RESULTS,1
2025-12-21 17:16:56,Campolide,ZERO_RESULTS,1
2025-12-21 17:17:09,Travessa Fábrica dos Pentes,ZERO_RESULTS,1
2025-12-21 17:17:37,Artur Bual Bairro Marquês de Abrantes,ZERO_RESULTS,1
2025-12-21 17:17:46,Soeiros,ZERO_RESULTS,1
2025-12-21 17:18:11,Avelino Teixeira da Mota Bairro da Flamenga,ZERO_RESULTS,1
2025-12-21 17:23:20,Paulo Dias de Novais Bairro das Amendoeiras,ZERO_RESULTS,1
2025-12-21 17:23:36,Manuel Caetano de Sousa,ZERO_RESULTS,1
2025-12-21 17:23:51,Benfica,SUCCESS,1
2025-12-21 17:23:53,Fonte do Louro,ZERO_RESULTS,1
2025-12-21 17:24:06,Campolide,ZERO_RESULTS,1
2025-12-21 17:24:20,Travessa Fábrica dos Pentes,ZERO_RESULTS,1
2025-12-21 17:24:49,Artur Bual Bairro Marquês de Abrantes,ZERO_RESULTS,1
2025-12-21 17:24:57,Soeiros,ZERO_RESULTS,1
2025-12-21 17:25:23,Avelino Teixeira da Mota Bairro da Flamenga,ZERO_RESULTS,1
2025-12-21 17:53:14,Paulo Dias de Novais Bairro das Amendoeiras,ZERO_RESULTS,1
2025-12-21 17:53:32,Manuel Caetano de Sousa,ZERO_RESULTS,1
2025-12-21 17:53:45,Benfica,SUCCESS,1
2025-12-21 17:53:48,Fonte do Louro,ZERO_RESULTS,1
2025-12-21 17:54:01,Campolide,ZERO_RESULTS,1
2025-12-21 17:54:16,Travessa Fábrica dos Pentes,ZERO_RESULTS,1
2025-12-21 17:54:47,Artur Bual Bairro Marquês de Abrantes,ZERO_RESULTS,1
2025-12-21 17:54:56,Soeiros,ZERO_RESULTS,1
2025-12-21 17:55:23,Avelino Teixeira da Mota Bairro da Flamenga,ZERO_RESULTS,1
2025-12-21 18:23:08,Paulo Dias de Novais Bairro das Amendoeiras,ZERO_RESULTS,1
2025-12-21 18:23:23,Manuel Caetano de Sousa,ZERO_RESULTS,1
2025-12-21 18:23:34,Benfica,SUCCESS,1
2025-12-21 18:23:38,Fonte do Louro,ZERO_RESULTS,1
2025-12-21 18:23:51,Campolide,ZERO_RESULTS,1
2025-12-21 18:24:05,Travessa Fábrica dos Pentes,ZERO_RESULTS,1
2025-12-21 18:24:33,Artur Bual Bairro Marquês de Abrantes,ZERO_RESULTS,1
2025-12-21 18:24:42,Soeiros,ZERO_RESULTS,1
2025-12-21 18:25:08,Avelino Teixeira da Mota Bairro da Flamenga,ZERO_RESULTS,1
2025-12-21 19:08:55,Paulo Dias de Novais Bairro das Amendoeiras,ZERO_RESULTS,1
2025-12-21 19:09:09,Manuel Caetano de Sousa,ZERO_RESULTS,1
2025-12-21 19:09:22,Benfica,SUCCESS,1
2025-12-21 19:09:26,Fonte do Louro,ZERO_RESULTS,1
2025-12-21 19:09:40,Campolide,ZERO_RESULTS,1
2025-12-21 19:09:55,Travessa Fábrica dos Pentes,ZERO_RESULTS,1
2025-12-21 19:10:21,Artur Bual Bairro Marquês de Abrantes,ZERO_RESULTS,1
2025-12-21 19:10:30,Soeiros,ZERO_RESULTS,1
2025-12-21 19:10:56,Avelino Teixeira da Mota Bairro da Flamenga,ZERO_RESULTS,1
2025-12-21 19:16:23,Paulo Dias de Novais Bairro das Amendoeiras,ZERO_RESULTS,1
2025-12-21 19:16:41,Manuel Caetano de Sousa,ZERO_RESULTS,1
2025-12-21 19:16:52,Benfica,SUCCESS,1
2025-12-21 19:16:55,Fonte do Louro,ZERO_RESULTS,1
2025-12-21 19:17:11,Campolide,ZERO_RESULTS,1
2025-12-21 19:17:24,Travessa Fábrica dos Pentes,ZERO_RESULTS,1
2025-12-21 19:17:51,Artur Bual Bairro Marquês de Abrantes,ZERO_RESULTS,1
2025-12-21 19:17:59,Soeiros,ZERO_RESULTS,1
2025-12-21 19:18:25,Avelino Teixeira da Mota Bairro da Flamenga,ZERO_RESULTS,1
2025-12-21 19:29:47,Paulo Dias de Novais Bairro das Amendoeiras,ZERO_RESULTS,1
2025-12-21 19:30:05,Manuel Caetano de Sousa,ZERO_RESULTS,1
2025-12-21 19:30:19,Benfica,SUCCESS,1
2025-12-21 19:30:22,Fonte do Louro,ZERO_RESULTS,1
2025-12-21 19:30:37,Campolide,ZERO_RESULTS,1
2025-12-21 19:30:51,Travessa Fábrica dos Pentes,ZERO_RESULTS,1
2025-12-21 19:31:49,Paulo Dias de Novais Bairro das Amendoeiras,ZERO_RESULTS,1
2025-12-21 19:32:07,Manuel Caetano de Sousa,ZERO_RESULTS,1
2025-12-21 19:32:21,Benfica,SUCCESS,1
2025-12-21 19:32:25,Fonte do Louro,ZERO_RESULTS,1
2025-12-21 19:32:37,Campolide,ZERO_RESULTS,1
2025-12-21 19:32:50,Travessa Fábrica dos Pentes,ZERO_RESULTS,1
2025-12-21 19:33:20,Artur Bual Bairro Marquês de Abrantes,ZERO_RESULTS,1
2025-12-21 19:33:28,Soeiros,ZERO_RESULTS,1
2025-12-21 19:33:56,Avelino Teixeira da Mota Bairro da Flamenga,ZERO_RESULTS,1
2025-12-21 19:51:42,Paulo Dias de Novais Bairro das Amendoeiras,ZERO_RESULTS,1
2025-12-21 19:51:58,Manuel Caetano de Sousa,ZERO_RESULTS,1
2025-12-21 19:52:11,Benfica,SUCCESS,1
2025-12-21 19:52:13,Fonte do Louro,ZERO_RESULTS,1
2025-12-21 19:52:26,Campolide,ZERO_RESULTS,1
2025-12-21 19:52:41,Travessa Fábrica dos Pentes,ZERO_RESULTS,1
2025-12-21 19:53:09,Artur Bual Bairro Marquês de Abrantes,ZERO_RESULTS,1
2025-12-21 19:53:20,Soeiros,ZERO_RESULTS,1
2025-12-21 19:53:47,Avelino Teixeira da Mota Bairro da Flamenga,ZERO_RESULTS,1
2025-12-21 21:04:34,Paulo Dias de Novais Bairro das Amendoeiras,ZERO_RESULTS,1
2025-12-21 21:04:51,Manuel Caetano de Sousa,ZERO_RESULTS,1
2025-12-21 21:05:03,Benfica,SUCCESS,1
2025-12-21 21:05:07,Fonte do Louro,ZERO_RESULTS,1
2025-12-21 21:05:22,Campolide,ZERO_RESULTS,1
2025-12-21 21:05:37,Travessa Fábrica dos Pentes,ZERO_RESULTS,1
2025-12-21 21:06:03,Artur Bual Bairro Marquês de Abrantes,ZERO_RESULTS,1
2025-12-21 21:06:12,Soeiros,ZERO_RESULTS,1
2025-12-21 21:06:39,Avelino Teixeira da Mota Bairro da Flamenga,ZERO_RESULTS,1
2025-12-21 21:21:38,Manuel Caetano de Sousa,ZERO_RESULTS,1
2025-12-21 21:21:50,Travessa Fábrica dos Pentes,ZERO_RESULTS,1
2025-12-21 21:22:42,Manuel Caetano de Sousa,ZERO_RESULTS,1
2025-12-21 21:28:48,Paulo Dias de Novais Bairro das Amendoeiras,ZERO_RESULTS,1
2025-12-21 21:29:06,Manuel Caetano de Sousa,ZERO_RESULTS,1
2025-12-21 21:29:21,Benfica,SUCCESS,1
2025-12-21 21:29:24,Fonte do Louro,ZERO_RESULTS,1
2025-12-21 21:29:39,Campolide,ZERO_RESULTS,1
2025-12-21 21:29:55,Travessa Fábrica dos Pentes,ZERO_RESULTS,1
2025-12-21 21:30:23,Artur Bual Bairro Marquês de Abrantes,ZERO_RESULTS,1
2025-12-21 21:30:31,Soeiros,ZERO_RESULTS,1
2025-12-21 21:30:59,Avelino Teixeira da Mota Bairro da Flamenga,ZERO_RESULTS,1
2025-12-22 23:03:14,Bom Sucesso,ZERO_RESULTS,1
2025-12-22 23:03:26,São Nicolau,ZERO_RESULTS,1
2025-12-22 23:03:51,"Rua Morais Soares, Arroios, Lisboa, 1000-098, Portugal",ZERO_RESULTS,1
2025-12-22 23:04:02,"Conde, Guimarães, Braga, Portugal",ZERO_RESULTS,1
2025-12-22 23:04:09,Gregório Lopes Torres do Restelo,ZERO_RESULTS,1
2025-12-22 23:05:17,Gregório Lopes Torres do Restelo,ZERO_RESULTS,1
2025-12-22 23:23:10,Bom Sucesso,ZERO_RESULTS,1
2025-12-22 23:23:22,São Nicolau,ZERO_RESULTS,1
2025-12-22 23:23:48,"Rua Morais Soares, Arroios, Lisboa, 1000-098, Portugal",ZERO_RESULTS,1
2025-12-22 23:23:58,"Conde, Guimarães, Braga, Portugal",ZERO_RESULTS,1
2025-12-22 23:24:05,Gregório Lopes Torres do Restelo,ZERO_RESULTS,1
2025-12-22 23:29:51,Bom Sucesso,ZERO_RESULTS,1
2025-12-22 23:30:02,São Nicolau,ZERO_RESULTS,1
2025-12-22 23:30:28,"Rua Morais Soares, Arroios, Lisboa, 1000-098, Portugal",ZERO_RESULTS,1
2025-12-22 23:30:37,"Conde, Guimarães, Braga, Portugal",ZERO_RESULTS,1
2025-12-22 23:30:44,Gregório Lopes Torres do Restelo,ZERO_RESULTS,1
2025-12-22 23:43:57,Bom Sucesso,ZERO_RESULTS,1
2025-12-22 23:44:08,São Nicolau,ZERO_RESULTS,1
2025-12-22 23:44:34,"Rua Morais Soares, Arroios, Lisboa, 1000-098, Portugal",ZERO_RESULTS,1
2025-12-22 23:44:43,"Conde, Guimarães, Braga, Portugal",ZERO_RESULTS,1
2025-12-22 23:44:50,Gregório Lopes Torres do Restelo,ZERO_RESULTS,1
2025-12-22 23:51:36,Bom Sucesso,ZERO_RESULTS,1
2025-12-22 23:51:48,São Nicolau,ZERO_RESULTS,1
2025-12-22 23:52:11,"Rua Morais Soares, Arroios, Lisboa, 1000-098, Portugal",ZERO_RESULTS,1
2025-12-22 23:52:22,"Conde, Guimarães, Braga, Portugal",ZERO_RESULTS,1
2025-12-22 23:52:29,Gregório Lopes Torres do Restelo,ZERO_RESULTS,1
2025-12-23 00:00:43,Bom Sucesso,ZERO_RESULTS,1
2025-12-23 00:00:59,São Nicolau,ZERO_RESULTS,1
2025-12-23 00:01:28,"Rua Morais Soares, Arroios, Lisboa, 1000-098, Portugal",ZERO_RESULTS,1
2025-12-23 00:01:41,"Conde, Guimarães, Braga, Portugal",ZERO_RESULTS,1
2025-12-23 00:01:48,Gregório Lopes Torres do Restelo,ZERO_RESULTS,1
2025-12-23 00:19:55,Bom Sucesso,ZERO_RESULTS,1
2025-12-23 00:20:06,São Nicolau,ZERO_RESULTS,1
2025-12-23 00:20:33,"Rua Morais Soares, Arroios, Lisboa, 1000-098, Portugal",ZERO_RESULTS,1
2025-12-23 00:20:43,"Conde, Guimarães, Braga, Portugal",ZERO_RESULTS,1
2025-12-23 00:20:51,Gregório Lopes Torres do Restelo,ZERO_RESULTS,1
2025-12-23 00:32:05,Bom Sucesso,ZERO_RESULTS,1
2025-12-23 00:32:18,São Nicolau,ZERO_RESULTS,1
2025-12-23 00:32:43,"Rua Morais Soares, Arroios, Lisboa, 1000-098, Portugal",ZERO_RESULTS,1
2025-12-23 00:32:54,"Conde, Guimarães, Braga, Portugal",ZERO_RESULTS,1
2025-12-23 00:33:00,Gregório Lopes Torres do Restelo,ZERO_RESULTS,1
2025-12-23 00:59:56,Bom Sucesso,ZERO_RESULTS,1
2025-12-23 01:00:08,São Nicolau,ZERO_RESULTS,1
2025-12-23 01:00:32,"Rua Morais Soares, Arroios, Lisboa, 1000-098, Portugal",ZERO_RESULTS,1
2025-12-23 01:00:44,"Conde, Guimarães, Braga, Portugal",ZERO_RESULTS,1
2025-12-23 01:00:52,Gregório Lopes Torres do Restelo,ZERO_RESULTS,1
2025-12-23 01:20:13,Bom Sucesso,ZERO_RESULTS,1
2025-12-23 01:20:25,São Nicolau,ZERO_RESULTS,1
2025-12-23 01:20:50,"Rua Morais Soares, Arroios, Lisboa, 1000-098, Portugal",ZERO_RESULTS,1
2025-12-23 01:21:01,"Conde, Guimarães, Braga, Portugal",ZERO_RESULTS,1
2025-12-23 01:21:08,Gregório Lopes Torres do Restelo,ZERO_RESULTS,1
2025-12-23 01:44:41,Bom Sucesso,ZERO_RESULTS,1
2025-12-23 01:44:54,São Nicolau,ZERO_RESULTS,1
2025-12-23 01:45:20,"Rua Morais Soares, Arroios, Lisboa, 1000-098, Portugal",ZERO_RESULTS,1
2025-12-23 01:45:31,"Conde, Guimarães, Braga, Portugal",ZERO_RESULTS,1
2025-12-23 01:45:38,Gregório Lopes Torres do Restelo,ZERO_RESULTS,1
2025-12-23 01:45:46,Bom Sucesso,ZERO_RESULTS,1
2025-12-23 01:45:59,São Nicolau,ZERO_RESULTS,1
2025-12-23 01:46:23,"Rua Morais Soares, Arroios, Lisboa, 1000-098, Portugal",ZERO_RESULTS,1
2025-12-23 01:46:33,"Conde, Guimarães, Braga, Portugal",ZERO_RESULTS,1
2025-12-23 01:46:40,Gregório Lopes Torres do Restelo,ZERO_RESULTS,1
